d_id,d_fname,d_lname,d_field,d_age,d_gender,d_cont,d_mail
1009,Dr.Ferdy,Mendie,gynecologists,51,M,562111176,Ferdy@gmail.com
1029,Dr.Horatio,Randie,endocrinologists,37,M,607682212,Horatio@gmail.com
1033,Dr.Harvey,Peyter,Cardiologists,74,M,750618277,Harvey@gmail.com
1036,Dr.Ebenezer,Lou,Oncologist,46,M,906745535,Ebenezer@gmail.com
1043,Dr.Domenic,Lemuel,"orthopedic surgeons",72,M,735647860,Domenic@gmail.com
1045,Dr.Donovan,Leonid,"Family medicine",66,F,758486376,Donovan@gfail.cof
1046,Dr.Hector,Piotr,Cardiologist,68,M,800558969,Hector@gmail.com
1089,Dr.Israel,Rich,"ENT specialists",41,M,700997276,Israel@gmail.com
1096,Dr.Johannes,Rustin,Surgeon,84,M,585779366,Johannes@gmail.com
1105,Dr.Ismail,Rice,dentists,33,F,490742535,Ismail@gfail.cof
1108,Dr.Jock,Rudyard,Nephrologist,70,F,594203520,Jock@gfail.cof
1109,Dr.Dimitrios,Lazlo,Psychiatrist,33,F,322606907,Dimitrios@gfail.cof
1114,Dr.Gav,Nealson,pediatricians,47,M,906177580,Gav@gmail.com
1120,Dr.Henderson,Porter,"Infectious disease",74,M,234173894,Henderson@gmail.com
1133,Dr.Keefe,Scottie,"Infectious disease",72,F,202702927,Keefe@gfail.cof
1150,Dr.Gary,Neal,dentists,57,M,327624814,Gary@gmail.com
1154,Dr.Jerald,Rolf,Gastroenterologist,60,M,826403923,Jerald@gmail.com
1158,Dr.Kincaid,Shea,"gynecologist (OBGYNs)",76,F,208714863,Kincaid@gfail.cof
1167,Dr.Jerry,Roscoe,gynecologists,55,M,837682606,Jerry@gmail.com
1175,Dr.Duffy,Lincoln,Surgeon,40,M,551078929,Duffy@gmail.com
1177,Dr.Everett,Max,Cardiologist,49,M,992377044,Everett@gmail.com
1197,Dr.Irwin,Reynard,Dermatologist,43,M,108602615,Irwin@gmail.com
1216,Dr.Hurley,Raynor,Dermatologist,39,M,310640315,Hurley@gmail.com
1220,Dr.Dexter,Lawrence,Oncologist,53,M,251456807,Dexter@gmail.com
1227,Dr.Denny,Lamar,gynecologists,28,M,620197530,Denny@gmail.com
1236,Dr.Hudson,Raphael,Pediatrician,65,F,524953715,Hudson@gfail.cof
1243,Dr.Godwin,Ole,veterinarians,67,M,684143040,Godwin@gmail.com
1263,Dr.Eugene,Mauricio,cardiothoracic,41,M,350486452,Eugene@gmail.com
1267,Dr.Kraig,Shepperd,"Physician executive",56,M,258709150,Kraig@gmail.com
1274,Dr.Jody,Rupert,Otolaryngologist,29,F,985670666,Jody@gfail.cof
1275,Dr.Douggie,Les,Cardiologist,77,F,611225692,Douggie@gfail.cof
1288,Dr.Ginger,Norman,"Infectious disease",55,M,237336082,Ginger@gmail.com
1289,Dr.Kevin,Shaun,cardiothoracic,45,F,501493225,Kevin@gfail.cof
1291,Dr.Jervis,Ross,"orthopedic surgeons",57,M,174956858,Jervis@gmail.com
1298,Dr.Ike,Remington,surgeons,37,M,219531982,Ike@gmail.com
1303,Dr.Dwane,Lockwood,endocrinologists,39,F,865775784,Dwane@gfail.cof
1315,Dr.Barnabe,Caleb,pediatricians,71,F,138515056,Barnabe@yahoo.com
1329,Dr.Isaac,Reynolds,Neurologist,77,F,267720827,Isaac@gfail.cof
1337,Dr.Jack,Rickey,endocrinologists,39,M,242684922,Jack@gmail.com
1350,Dr.Derrick,Langston,pulmonologists,74,F,105143737,Derrick@gfail.cof
1355,Dr.Erwin,Mattheus,gynecologists,53,F,840567104,Erwin@gfail.cof
1366,Dr.Guy,Paddy,"Internal Medicine",64,M,317375467,Guy@gmail.com
1367,Dr.Harvie,Peyton,audiologists,76,M,475000412,Harvie@gmail.com
1388,Dr.Kirby,Shelden,Nephrologist,47,M,374799826,Kirby@gmail.com
1391,Dr.Kin,Shayne,Pediatrician,72,F,348603057,Kin@gfail.cof
1398,Dr.Jonny,Salomone,oncologists,52,F,284257862,Jonny@gfail.cof
1400,Dr.Forester,Mikael,audiologists,72,M,493558259,Forester@gmail.com
1413,Dr.Galen,Moss,neurologists,30,M,788154565,Galen@gmail.com
1414,Dr.Ewart,Maxie,Gastroenterologist,78,M,406332276,Ewart@gmail.com
1440,Dr.Fletch,Mic,Oncologist,75,F,506830437,Fletch@gfail.cof
1447,Dr.Hercule,Prince,Cardiologists,35,F,216828521,Hercule@gfail.cof
1454,Dr.Felicio,Meir,Surgeon,31,F,309632928,Felicio@gfail.cof
1455,Dr.Kristopher,Sherman,Anesthesiologist,72,M,621235353,Kristopher@gmail.com
1462,Dr.Joel,Russ,Psychiatrist,42,F,284546463,Joel@gfail.cof
1470,Dr.Gavin,Ned,veterinarians,29,M,752833937,Gavin@gmail.com
1472,Dr.Ingmar,Renault,Gastroenterologist,64,M,808360009,Ingmar@gmail.com
1473,Dr.Fidel,Merle,radiologists,43,M,379690402,Fidel@gmail.com
1489,Dr.Heinrich,Pip,Oncologist,70,M,531693192,Heinrich@gmail.com
1504,Dr.Eddie,Lovell,"Infectious disease",31,M,949947684,Eddie@gmail.com
1525,Dr.Hagen,Palmer,Gastroenterologist,64,M,940764071,Hagen@gmail.com
1527,Dr.Halvard,Pascal,Radiologist,46,F,520473219,Halvard@gfail.cof
1542,Dr.Hyatt,Reece,Surgeon,75,M,190355031,Hyatt@gmail.com
1581,Dr.Hew,Quint,"Internal Medicine",58,M,162009349,Hew@gmail.com
1585,Dr.Johny,Salem,pediatricians,61,M,756940833,Johny@gmail.com
1591,Dr.Goddard,Odie,"ENT specialists",70,M,348107538,Goddard@gmail.com
1625,Dr.Flynn,Michel,Dermatologist,50,M,170426235,Flynn@gmail.com
1639,Dr.Fletcher,Micah,Gastroenterologist,83,F,434543806,Fletcher@gfail.cof
1642,Dr.Euclid,Matty,oncologists,34,M,101657212,Euclid@gmail.com
1649,Dr.Hamish,Paten,dentists,74,M,524360795,Hamish@gmail.com
1653,Dr.Augustus,Brooks,Dermatologist,40,F,680434615,Augustus@yahoo.com
1657,Dr.Haskell,Phillipe,pediatricians,77,M,259506836,Haskell@gmail.com
1663,Dr.Greg,Orrin,Nephrologist,30,M,218955469,Greg@gmail.com
1667,Dr.Barnard,Calvin,Nephrologist,66,M,170606012,Barnard@yahoo.com
1678,Dr.Jonathon,Salomon,endocrinologists,81,M,956941248,Jonathon@gmail.com
1682,Dr.Griffith,Oscar,Surgeon,38,M,272097635,Griffith@gmail.com
1684,Dr.Job,Rudy,"Infectious disease",42,F,442719190,Job@gfail.cof
1687,Dr.Josh,Samuele,Gastroenterologist,79,M,850048489,Josh@gmail.com
1704,Dr.Esme,Matthias,pediatricians,64,F,655114962,Esme@gfail.cof
1705,Dr.Jeramie,Rolfe,Pulmonologist,37,M,661063644,Jeramie@gmail.com
1715,Dr.Gordan,Ollie,cardiothoracic,73,M,256979158,Gordan@gmail.com
1727,Dr.Flint,Michal,Nephrologist,35,F,826910565,Flint@gfail.cof
1728,Dr.Freddy,Moishe,"Infectious disease",44,M,973327051,Freddy@gmail.com
1744,Dr.Gardener,Munroe,Pediatrician,32,M,439520786,Gardener@gmail.com
1747,Dr.Karsten,Scott,Gastroenterologist,43,F,815869804,Karsten@gfail.cof
1783,Dr.Hebert,Pincus,"gynecologist (OBGYNs)",33,F,362077289,Hebert@gfail.cof
1793,Dr.Eliot,Mackenzie,endocrinologists,71,M,680461503,Eliot@gmail.com
1818,Dr.Aziz,Burke,Nephrologist,52,F,647238469,Aziz@yahoo.com
1820,Dr.Johnathan,Rutledge,dentists,31,M,164442320,Johnathan@gmail.com
1828,Dr.Herman,Purcell,"ENT specialists",32,F,546246750,Herman@gfail.cof
1836,Dr.Hobart,Ramon,"ENT specialists",79,M,889964036,Hobart@gmail.com
1862,Dr.Julius,Saw,psychiatrists,46,M,569964653,Julius@gmail.com
1877,Dr.Isaiah,Ricard,"Physician executive",29,F,374387312,Isaiah@gfail.cof
1904,Dr.Harman,Penrod,"Infectious disease",65,F,382456062,Harman@gfail.cof
1908,Dr.Emmett,Marion,gynecologists,57,M,305129572,Emmett@gmail.com
1912,Dr.Friedrick,Morry,dentists,42,F,756306347,Friedrick@gfail.cof
1914,Dr.Diego,Layton,Nephrologist,40,M,125888160,Diego@gmail.com
1942,Dr.Frederich,Montague,Endocrinologist,70,M,289129539,Frederich@gmail.com
1955,Dr.Joachim,Rudolf,Oncologist,49,M,964092419,Joachim@gmail.com
1956,Dr.Hyman,Reed,"Physician executive",36,M,912797263,Hyman@gmail.com
1962,Dr.Guthry,Paddie,"Family medicine",51,M,617411570,Guthry@gmail.com
1967,Dr.Isadore,Ric,Surgeon,28,F,880703965,Isadore@gfail.cof
1971,Dr.Hezekiah,Rad,"Infectious disease",30,F,500999178,Hezekiah@gfail.cof
1994,Dr.Jordy,Salvidor,surgeons,59,F,654394200,Jordy@gfail.cof
2045,Dr.Gideon,Niles,pulmonologists,72,M,184466809,Gideon@gmail.com
2048,Dr.Jefferson,Rodolphe,oncologists,64,F,775109573,Jefferson@gfail.cof
2059,Dr.Holly,Randal,psychiatrists,80,M,415757846,Holly@gmail.com
2063,Dr.Keenan,Scotty,Nephrologist,29,F,571819045,Keenan@gfail.cof
2089,Dr.Ichabod,Reggie,"orthopedic surgeons",76,F,363343366,Ichabod@gfail.cof
2091,Dr.Ed,Louis,Pulmonologist,53,M,424417239,Ed@gmail.com
2095,Dr.Garey,Murphy,Oncologist,72,F,320775095,Garey@gfail.cof
2103,Dr.Jean-Christophe,Rod,"Physician executive",50,M,821376374,Christophe@gmail.com
2104,Dr.Kimball,Shawn,"Family medicine",52,F,513751587,Kimball@gfail.cof
2107,Dr.Fulton,Mort,gynecologists,43,M,904063189,Fulton@gmail.com
2109,Dr.Dru,Lew,Dermatologist,39,M,413292169,Dru@gmail.com
2127,Dr.Kendal,Sergei,Cardiologists,45,M,600998003,Kendal@gmail.com
2133,Dr.Josiah,Sanders,Nephrologist,54,M,954323358,Josiah@gmail.com
2134,Dr.Hermann,Putnam,gynecologists,66,F,745533179,Hermann@gfail.cof
2139,Dr.Jo,Rudie,Obstetricians,62,M,982102468,Jo@gmail.com
2162,Dr.Deryl,Laurance,cardiothoracic,57,M,292931382,Deryl@gmail.com
2183,Dr.Emmet,Mario,"ENT specialists",53,M,448881225,Emmet@gmail.com
2188,Dr.Garwood,Nathanil,audiologists,77,M,500094989,Garwood@gmail.com
2202,Dr.Hilbert,Rafe,Ophthalmologist,65,F,267971335,Hilbert@gfail.cof
2205,Dr.Dryke,Lewis,Psychiatrist,30,M,105491467,Dryke@gmail.com
2209,Dr.Ken,Sergeant,"Physician executive",35,M,848756144,Ken@gmail.com
2211,Dr.Dwayne,Logan,oncologists,80,F,931436553,Dwayne@gfail.cof
2224,Dr.Gere,Niccolo,Otolaryngologist,33,M,354466358,Gere@gmail.com
2250,Dr.Dugan,Lind,"Physician executive",66,M,670866562,Dugan@gmail.com
2257,Dr.Eli,Lynn,psychiatrists,38,M,253523663,Eli@gmail.com
2284,Dr.Donal,Leon,endocrinologists,51,M,410272339,Donal@gmail.com
2295,Dr.Jakob,Ripley,Obstetricians,68,F,878405271,Jakob@gfail.cof
2296,Dr.Douglas,Leslie,Gastroenterologist,41,F,164459531,Douglas@gfail.cof
2307,Dr.Hirsch,Ramesh,dentists,73,M,114265147,Hirsch@gmail.com
2319,Dr.Harland,Penn,Oncologist,60,F,869292561,Harland@gfail.cof
2322,Dr.Eugen,Maurice,neurologists,77,M,714707329,Eugen@gmail.com
2328,Dr.Gaston,Nealon,"orthopedic surgeons",58,M,175170107,Gaston@gmail.com
2347,Dr.Jacob,Ricky,cardiothoracic,84,M,303662471,Jacob@gmail.com
2354,Dr.Eduard,Ludvig,Anesthesiologist,35,M,552335717,Eduard@gmail.com
2377,Dr.Juanita,Sandro,Otolaryngologist,75,M,727224901,Juanita@gmail.com
2402,Dr.Ender,Markus,radiologists,52,M,343965931,Ender@gmail.com
2403,Dr.Geraldo,Newton,Endocrinologist,68,M,435978204,Geraldo@gmail.com
2405,Dr.Ehud,Luther,"ENT specialists",31,F,306343439,Ehud@gfail.cof
2409,Dr.Jeremy,Romain,Dermatologist,76,M,868653414,Jeremy@gmail.com
2424,Dr.Hayes,Piet,neurologists,28,F,117293460,Hayes@gfail.cof
2439,Dr.James,Ritch,Cardiologist,55,F,695500188,James@gfail.cof
2455,Dr.Graig,Orion,Gastroenterologist,36,F,840269213,Graig@gfail.cof
2469,Dr.Frederick,Monte,Ophthalmologist,62,M,320191650,Frederick@gmail.com
2479,Dr.Jesus,Rube,oncologists,30,M,359486536,Jesus@gmail.com
2480,Dr.Judson,Sascha,"Physician executive",33,F,406015395,Judson@gfail.cof
2515,Dr.Fleming,Meryl,"gynecologist (OBGYNs)",63,F,122673435,Fleming@gfail.cof
2517,Dr.Axel,Buddy,pediatricians,58,M,666466781,Axel@yahoo.com
2526,Dr.Donnie,Leonerd,cardiothoracic,63,M,376325600,Donnie@gmail.com
2528,Dr.Jasper,Rochester,Neurologist,44,M,474316787,Jasper@gmail.com
2540,Dr.Dick,Lawson,Gastroenterologist,45,M,894353296,Dick@gmail.com
2572,Dr.Jeremie,Rolph,Otolaryngologist,64,M,293682719,Jeremie@gmail.com
2580,Dr.Grady,Orazio,Pediatrician,61,F,761793204,Grady@gfail.cof
2583,Dr.Derek,Lamont,pediatricians,30,F,598081215,Derek@gfail.cof
2586,Dr.Joab,Rudiger,Cardiologist,46,M,653145054,Joab@gmail.com
2605,Dr.Kendall,Sergent,audiologists,56,M,371640146,Kendall@gmail.com
2617,Dr.Dominique,Lenny,radiologists,38,M,131235215,Dominique@gmail.com
2618,Dr.Hiralal,Ralf,"Physician executive",37,M,267866290,Hiralal@gmail.com
2624,Dr.Elliott,Magnum,surgeons,68,M,376090028,Elliott@gmail.com
2625,Dr.Hernando,Quentin,psychiatrists,65,M,751069774,Hernando@gmail.com
2628,Dr.Grace,Oran,"Internal Medicine",59,F,768130988,Grace@gfail.cof
2638,Dr.Henrik,Prasun,Dermatologist,67,M,147639724,Henrik@gmail.com
2642,Dr.Gustavus,Pablo,neurologists,64,M,909778191,Gustavus@gmail.com
2674,Dr.Gilberto,Noel,"gynecologist (OBGYNs)",63,M,613907238,Gilberto@gmail.com
2699,Dr.Edgardo,Luce,Ophthalmologist,62,M,236084467,Edgardo@gmail.com
2712,Dr.Godfree,Odysseus,"orthopedic surgeons",33,M,438999495,Godfree@gmail.com
2714,Dr.Giavani,Nikolai,veterinarians,38,F,486729539,Giavani@gfail.cof
2727,Dr.Kostas,Sheppard,Surgeon,50,M,105413485,Kostas@gmail.com
2741,Dr.Goober,Olivier,oncologists,81,M,499889235,Goober@gmail.com
2744,Dr.Gordon,Oral,"Family medicine",71,F,648622878,Gordon@gfail.cof
2768,Dr.Averill,Bryn,neurologists,52,M,497793852,Averill@yahoo.com
2785,Dr.Harv,Petey,Surgeon,57,M,857348121,Harv@gmail.com
2786,Dr.Kenton,Shamus,veterinarians,41,M,577120614,Kenton@gmail.com
2790,Dr.Egbert,Luke,dentists,66,F,896531618,Egbert@gfail.cof
2809,Dr.Huey,Raul,"Obstetricians/gynecologist (OBGYNs)",65,F,863915771,Huey@gfail.cof
2817,Dr.Jerome,Ronen,Surgeon,83,F,618613283,Jerome@gfail.cof
2849,Dr.Giffard,Nilson,oncologists,73,M,797459157,Giffard@gmail.com
2875,Dr.Gerome,Nickie,Surgeon,70,M,368185413,Gerome@gmail.com
2881,Dr.Finn,Merry,surgeons,33,M,659618748,Finn@gmail.com
2882,"Dr. Demon",Kurt,Cardiologists,39,M,830433101,Demon@gmail.com
2891,Dr.Erasmus,Martie,Gastroenterologist,46,M,452812016,Erasmus@gmail.com
2905,Dr.Godart,Odell,dentists,80,M,271055081,Godart@gmail.com
2911,Dr.Flem,Merwin,Pediatrician,65,F,857354006,Flem@gfail.cof
2932,Dr.Harlin,Penny,Pulmonologist,68,F,300940147,Harlin@gfail.cof
2935,Dr.Izzy,Rick,radiologists,32,M,858063504,Izzy@gmail.com
2941,Dr.Dewey,Laurie,"gynecologist (OBGYNs)",72,M,510543514,Dewey@gmail.com
2952,Dr.Frankie,Mitchel,cardiothoracic,44,F,362893564,Frankie@gfail.cof
2957,Dr.Hewett,Quintus,Cardiologist,77,M,138551971,Hewett@gmail.com
2964,Dr.Gershon,Nigel,gynecologists,75,F,966206399,Gershon@gfail.cof
2966,Dr.Drake,Levon,Ophthalmologist,48,M,842123197,Drake@gmail.com
2970,Dr.Jacques,Rik,surgeons,53,M,633363671,Jacques@gmail.com
2971,Dr.Hale,Parnell,Ophthalmologist,48,M,692675106,Hale@gmail.com
2989,Dr.Jeth,Ruben,neurologists,82,M,510747466,Jeth@gmail.com
2994,Dr.Gino,Normand,Nephrologist,31,M,530706271,Gino@gmail.com
2998,Dr.Eric,Marv,Ophthalmologist,66,M,976225334,Eric@gmail.com
3004,Dr.Ernest,Mateo,Anesthesiologist,58,M,648042115,Ernest@gmail.com
3009,Dr.Hallam,Partha,Neurologist,49,F,746216769,Hallam@gfail.cof
3016,Dr.Gilbert,Noe,Pediatrician,65,M,922036807,Gilbert@gmail.com
3031,Dr.Hubert,Raoul,"Internal Medicine",29,F,278844818,Hubert@gfail.cof
3047,Dr.Engelbert,Marlo,endocrinologists,64,M,778044347,Engelbert@gmail.com
3053,Dr.Jess,Rourke,psychiatrists,62,M,945726715,Jess@gmail.com
3054,Dr.Jessie,Royce,endocrinologists,48,M,411896004,Jessie@gmail.com
3083,Dr.Elliot,Madison,cardiothoracic,51,M,137720221,Elliot@gmail.com
3089,Dr.Geoffrey,Neron,"Internal Medicine",80,F,963129148,Geoffrey@gfail.cof
3109,Dr.Gilles,Norm,Pulmonologist,84,M,265321630,Gilles@gmail.com
3116,Dr.Gail,Moses,endocrinologists,50,M,368155002,Gail@gmail.com
3134,Dr.Erin,Marwin,Neurologist,79,M,684605789,Erin@gmail.com
3145,Dr.Gustaf,Otto,radiologists,38,F,288472257,Gustaf@gfail.cof
3150,Dr.Johnathon,Rutter,"ENT specialists",59,M,272146314,Johnathon@gmail.com
3159,Dr.Ingemar,Renato,Cardiologist,44,M,467103100,Ingemar@gmail.com
3166,Dr.Judy,Sasha,Cardiologists,34,F,188218444,Judy@gfail.cof
3171,Dr.Kelley,Sebastien,Psychiatrist,61,M,865237774,Kelley@gmail.com
3176,Dr.Ave,Bryan,dentists,59,F,895400585,Ave@yahoo.com
3184,Dr.Fyodor,Morten,"orthopedic surgeons",45,M,929876408,Fyodor@gmail.com
3192,Dr.Horacio,Randi,pulmonologists,64,M,868930623,Horacio@gmail.com
3194,Dr.Hanan,Patrik,radiologists,59,M,523990507,Hanan@gmail.com
3196,Dr.Giff,Nils,endocrinologists,35,M,164965968,Giff@gmail.com
3203,Dr.Hy,Redmond,Anesthesiologist,68,M,535953528,Hy@gmail.com
3222,Dr.Fitz,Merv,"Family medicine",60,M,295291432,Fitz@gmail.com
3232,Dr.Grove,Osmond,Cardiologists,50,M,297535325,Grove@gmail.com
3234,Dr.Augustine,Brook,Nephrologist,85,M,888021488,Augustine@yahoo.com
3244,Dr.Jordon,Salvatore,cardiothoracic,74,F,152836287,Jordon@gfail.cof
3246,Dr.Fonsie,Mick,Neurologist,58,M,812870763,Fonsie@gmail.com
3261,Dr.Edgar,Lucas,Endocrinologist,73,M,264568458,Edgar@gmail.com
3262,Dr.Esteban,Matthieu,psychiatrists,68,F,330241870,Esteban@gfail.cof
3267,Dr.Hank,Pattie,endocrinologists,70,M,980263633,Hank@gmail.com
3287,Dr.Giraud,Nunzio,Radiologist,66,F,330089209,Giraud@gfail.cof
3318,Dr.Georgie,Neville,Pulmonologist,56,M,762110037,Georgie@gmail.com
3331,Dr.Elvis,Manuel,Endocrinologist,43,F,450870376,Elvis@gfail.cof
3332,Dr.Hilary,Rafael,Endocrinologist,55,F,930377922,Hilary@gfail.cof
3381,Dr.Harald,Pedro,"Internal Medicine",50,M,477549196,Harald@gmail.com
3384,Dr.Janus,Robbie,Endocrinologist,59,M,863930698,Janus@gmail.com
3387,Dr.Jean-Luc,Roddy,dentists,67,M,199148079,Luc@gmail.com
3414,Dr.Ignatius,Reilly,endocrinologists,49,F,204619792,Ignatius@gfail.cof
3416,Dr.Dietrich,Lazare,Ophthalmologist,80,M,575392910,Dietrich@gmail.com
3444,Dr.Gian,Nikita,pediatricians,58,F,214708151,Gian@gfail.cof
3457,Dr.Georgia,Nevile,Gastroenterologist,78,M,776277273,Georgia@gmail.com
3502,Dr.Elihu,Mace,radiologists,28,M,965628757,Elihu@gmail.com
3507,Dr.Kaleb,Saxe,endocrinologists,48,M,263683092,Kaleb@gmail.com
3517,Dr.Hersh,Quincey,neurologists,73,M,681469748,Hersh@gmail.com
3534,Dr.Gerrit,Nico,audiologists,51,F,375373997,Gerrit@gfail.cof
3535,Dr.Hayward,Pieter,cardiothoracic,79,F,722978954,Hayward@gfail.cof
3558,Dr.Fran,Milo,veterinarians,28,M,592292015,Fran@gmail.com
3559,Dr.Flemming,Meyer,Cardiologist,53,F,205431164,Flemming@gfail.cof
3561,Dr.Julian,Saunders,gynecologists,54,F,727221648,Julian@gfail.cof
3562,Dr.Hiram,Ralph,Cardiologists,31,M,211245534,Hiram@gmail.com
3567,Dr.Jermayne,Ron,Radiologist,60,F,492392134,Jermayne@gfail.cof
3574,Dr.Evelyn,Mauritz,Pediatrician,80,M,632335126,Evelyn@gmail.com
3585,Dr.Godfry,Olag,psychiatrists,64,M,623882989,Godfry@gmail.com
3592,Dr.Fonzie,Mickie,Anesthesiologist,40,M,569892536,Fonzie@gmail.com
3595,Dr.Enrico,Marmaduke,surgeons,84,F,321488461,Enrico@gfail.cof
3597,Dr.Ephrem,Martainn,Cardiologist,76,F,259733662,Ephrem@gfail.cof
3601,Dr.Filmore,Merril,neurologists,45,M,856769998,Filmore@gmail.com
3621,Dr.Gill,Norbert,Gastroenterologist,68,M,642902156,Gill@gmail.com
3623,Dr.Kaspar,Scotti,Pulmonologist,69,F,193765880,Kaspar@gfail.cof
3624,Dr.Hermon,Pyotr,"orthopedic surgeons",45,F,316019718,Hermon@gfail.cof
3625,Dr.Ferguson,Meredith,pediatricians,57,M,559240183,Ferguson@gmail.com
3646,Dr.Enrique,Marsh,"Family medicine",63,F,255734577,Enrique@gfail.cof
3698,Dr.Jeremiah,Rollins,Endocrinologist,66,M,890304287,Jeremiah@gmail.com
3705,Dr.Jean-Pierre,Roderick,"orthopedic surgeons",53,F,563324920,Pierre@gfail.cof
3736,Dr.Ingram,Rene,Pulmonologist,67,M,717302737,Ingram@gmail.com
3738,Dr.Gerold,Nickey,Anesthesiologist,74,M,936118691,Gerold@gmail.com
3750,Dr.Durante,Lionel,pediatricians,63,M,598659722,Durante@gmail.com
3761,Dr.Garv,Nate,Radiologist,45,M,377784529,Garv@gmail.com
3777,Dr.Hillary,Raimund,Psychiatrist,70,M,628423629,Hillary@gmail.com
3782,Dr.Hayden,Pierre,endocrinologists,84,M,776015952,Hayden@gmail.com
3796,Dr.Kirk,Sheldon,Endocrinologist,67,M,409378958,Kirk@gmail.com
3798,Dr.Joshuah,Sander,"Infectious disease",59,M,111430964,Joshuah@gmail.com
3824,Dr.Dwain,Lloyd,radiologists,72,F,284638235,Dwain@gfail.cof
3826,Dr.Jef,Rodney,radiologists,54,F,910008789,Jef@gfail.cof
3833,Dr.Forest,Mika,Cardiologists,76,M,754582996,Forest@gmail.com
3839,Dr.Georg,Nestor,"gynecologist (OBGYNs)",32,M,412051758,Georg@gmail.com
3855,Dr.Emmit,Marius,"orthopedic surgeons",77,M,810294073,Emmit@gmail.com
3868,Dr.Dwaine,Locke,pulmonologists,62,F,900755384,Dwaine@gfail.cof
3878,Dr.Eustace,Maurie,surgeons,70,M,513368314,Eustace@gmail.com
3879,Dr.Jimmie,Ruddie,"Internal Medicine",79,M,148507568,Jimmie@gmail.com
3888,Dr.Eldon,Lyndon,pediatricians,83,M,384980480,Eldon@gmail.com
3902,Dr.Hamil,Pate,Cardiologists,61,F,436567547,Hamil@gfail.cof
3906,Dr.Elijah,Mack,pulmonologists,66,M,371378446,Elijah@gmail.com
3922,Dr.Jose,Sammy,Pediatrician,28,F,206007516,Jose@gfail.cof
3926,Dr.Gerard,Niall,Ophthalmologist,54,M,423786699,Gerard@gmail.com
3953,Dr.Judah,Sanford,Psychiatrist,38,M,839471545,Judah@gmail.com
3962,Dr.Avery,Bryon,Radiologist,66,M,605976344,Avery@yahoo.com
3977,Dr.Barnebas,Cam,"orthopedic surgeons",75,F,654261714,Barnebas@yahoo.com
3997,Dr.Harwell,Phil,dentists,40,M,410203190,Harwell@gmail.com
3998,Dr.Emmott,Mark,pediatricians,60,M,423872877,Emmott@gmail.com
4028,Dr.Elbert,Lyle,gynecologists,61,F,551601592,Elbert@gfail.cof
4033,Dr.Edouard,Lucio,Neurologist,55,M,205124151,Edouard@gmail.com
4050,Dr.Iain,Reg,dentists,78,M,241363887,Iain@gmail.com
4062,Dr.Istvan,Richard,gynecologists,81,M,772442378,Istvan@gmail.com
4069,Dr.Elwin,Marc,Ophthalmologist,32,F,649149865,Elwin@gfail.cof
4072,Dr.Erny,Matt,audiologists,54,F,482519867,Erny@gfail.cof
4073,Dr.Fred,Moise,Gastroenterologist,30,M,695108029,Fred@gmail.com
4102,Dr.Emile,Marcos,"Physician executive",80,M,383172947,Emile@gmail.com
4147,Dr.Emery,Marcio,Anesthesiologist,62,F,687708843,Emery@gfail.cof
4160,Dr.Hal,Parker,Endocrinologist,50,M,818308362,Hal@gmail.com
4163,Dr.Ignazio,Reinhold,neurologists,36,M,385278564,Ignazio@gmail.com
4201,Dr.Garcon,Munmro,"Internal Medicine",29,M,272401460,Garcon@gmail.com
4223,Dr.Fernando,Merill,veterinarians,81,M,687975461,Fernando@gmail.com
4229,Dr.Jackson,Rickie,neurologists,68,M,556658734,Jackson@gmail.com
4236,Dr.Jud,Sandy,Dermatologist,38,M,453006833,Jud@gmail.com
4247,Dr.Gifford,Noah,surgeons,40,M,281710946,Gifford@gmail.com
4258,Dr.Fergus,Meredeth,"orthopedic surgeons",70,M,697244007,Fergus@gmail.com
4263,Dr.Barnabas,Caldwell,"Infectious disease",84,F,166071796,Barnabas@yahoo.com
4265,Dr.Dylan,Lonnie,cardiothoracic,75,F,752506623,Dylan@gfail.cof
4276,Dr.Ezra,Maxwell,Endocrinologist,82,M,168794367,Ezra@gmail.com
4290,Dr.Josef,Sampson,Obstetricians,59,F,723071775,Josef@gfail.cof
4302,Dr.Judas,Sanson,Neurologist,66,M,883484751,Judas@gmail.com
4327,Dr.Derick,Lance,psychiatrists,79,F,297119196,Derick@gfail.cof
4334,Dr.Flinn,Michail,"Infectious disease",62,F,656779106,Flinn@gfail.cof
4339,Dr.Harry,Percy,Psychiatrist,42,M,254408238,Harry@gmail.com
4340,Dr.Kim,Shaw,surgeons,63,F,521963558,Kim@gfail.cof
4349,Dr.Dustin,Llewellyn,veterinarians,53,F,598594876,Dustin@gfail.cof
4360,Dr.Jotham,Sanderson,Endocrinologist,41,M,878192277,Jotham@gmail.com
4372,Dr.Irving,Rey,Otolaryngologist,52,M,944616050,Irving@gmail.com
4376,Dr.Higgins,Radcliffe,Nephrologist,34,F,253916017,Higgins@gfail.cof
4388,Dr.John,Rusty,"Physician executive",77,M,835389973,John@gmail.com
4407,Dr.Garp,Myles,Nephrologist,30,F,312470797,Garp@gfail.cof
4424,Dr.Geri,Nichols,Neurologist,38,M,565039522,Geri@gmail.com
4447,Dr.Dieter,Lazar,Endocrinologist,43,M,448273576,Dieter@gmail.com
4451,Dr.Henrique,Prent,Psychiatrist,39,M,203897402,Henrique@gmail.com
4461,Dr.Jimmy,Ruddy,Pediatrician,85,M,702191693,Jimmy@gmail.com
4471,Dr.Gavriel,Neddie,radiologists,56,M,611250511,Gavriel@gmail.com
4476,Dr.Jere,Rolland,"Infectious disease",49,M,316570158,Jere@gmail.com
4485,Dr.Erhard,Marty,Nephrologist,29,M,343113005,Erhard@gmail.com
4496,Dr.Izak,Richy,veterinarians,32,M,242586763,Izak@gmail.com
4501,Dr.Forbes,Micky,Surgeon,65,M,370871148,Forbes@gmail.com
4506,Dr.Granville,Orren,"Infectious disease",78,M,861458082,Granville@gmail.com
4526,Dr.Dillon,Lazaro,Otolaryngologist,46,M,942560143,Dillon@gmail.com
4529,Dr.Judith,Sargent,Surgeon,47,M,226332292,Judith@gmail.com
4552,Dr.Jean,Rocky,Surgeon,68,M,394524177,Jean@gmail.com
4560,Dr.Husein,Red,Neurologist,41,M,838047342,Husein@gmail.com
4570,Dr.Ikey,Remus,"Family medicine",71,M,542800538,Ikey@gmail.com
4572,Dr.Dorian,Leonidas,"Internal Medicine",55,F,612197981,Dorian@gfail.cof
4574,Dr.Er,Marten,Oncologist,39,M,665351842,Er@gmail.com
4601,Dr.Humbert,Rawley,Gastroenterologist,52,M,241729433,Humbert@gmail.com
4609,Dr.Iggie,Reggis,pediatricians,31,F,258203254,Iggie@gfail.cof
4614,Dr.Desmund,Laurence,"Family medicine",66,M,890865061,Desmund@gmail.com
4619,Dr.Dunc,Lindsey,audiologists,43,M,740223368,Dunc@gmail.com
4624,Dr.Hiro,Ram,audiologists,69,M,509534850,Hiro@gmail.com
4627,Dr.Henrie,Prasad,Otolaryngologist,46,M,729071768,Henrie@gmail.com
4641,Dr.Gerri,Nicky,Cardiologists,78,M,959493830,Gerri@gmail.com
4657,Dr.Ernesto,Mathew,Surgeon,34,M,755805149,Ernesto@gmail.com
4665,Dr.Gilburt,Nolan,Cardiologist,52,M,805673614,Gilburt@gmail.com
4671,Dr.Fredrick,Mordecai,Neurologist,32,M,935728856,Fredrick@gmail.com
4674,Dr.Gay,Neddy,pulmonologists,46,F,791226385,Gay@gfail.cof
4675,Dr.Herold,Quiggly,veterinarians,67,M,693362750,Herold@gmail.com
4676,Dr.Kennedy,Seymour,gynecologists,31,M,875286424,Kennedy@gmail.com
4680,Dr.Dion,Leighton,"Physician executive",64,F,936159629,Dion@gfail.cof
4703,Dr.Ernie,Mathias,"Physician executive",34,M,948277562,Ernie@gmail.com
4706,Dr.Dimitry,Leif,Anesthesiologist,31,F,542627325,Dimitry@gfail.cof
4710,Dr.Guillermo,Oswell,gynecologists,39,F,208242990,Guillermo@gfail.cof
4722,Dr.Ellwood,Mahmoud,Pediatrician,52,M,505315115,Ellwood@gmail.com
4727,Dr.Georgy,Nevin,"Infectious disease",75,M,831061888,Georgy@gmail.com
4757,Dr.Hewet,Quinton,"Obstetricians/gynecologist (OBGYNs)",38,M,544746192,Hewet@gmail.com
4758,Dr.Dom,Lemmy,gynecologists,84,M,658339153,Dom@gmail.com
4763,Dr.Giffie,Noach,cardiothoracic,39,M,134752747,Giffie@gmail.com
4765,Dr.Elnar,Major,Oncologist,28,M,468306615,Elnar@gmail.com
4768,Dr.Hall,Parsifal,Psychiatrist,55,F,845177252,Hall@gfail.cof
4774,Dr.Kermie,Shane,pulmonologists,57,M,106765569,Kermie@gmail.com
4811,Dr.Bard,Caesar,Ophthalmologist,60,M,444972881,Bard@yahoo.com
4813,Dr.Justis,Sawyere,radiologists,33,M,167583217,Justis@gmail.com
4823,Dr.Heinz,Plato,Gastroenterologist,80,M,997652900,Heinz@gmail.com
4877,Dr.Hugo,Ravil,Oncologist,74,M,277944723,Hugo@gmail.com
4894,Dr.Dirk,Lemar,dentists,39,M,768261371,Dirk@gmail.com
4953,Dr.Friedric,Morrie,Cardiologists,49,F,923668256,Friedric@gfail.cof
4955,Dr.Barbabas,Byram,neurologists,68,M,526983628,Barbabas@yahoo.com
4959,Dr.Kam,Sayre,"Family medicine",47,M,869892364,Kam@gmail.com
4963,Dr.Heywood,Rabi,Pulmonologist,29,F,189440267,Heywood@gfail.cof
4964,Dr.Foster,Mikhail,"orthopedic surgeons",60,M,189082963,Foster@gmail.com
4970,Dr.Eddy,Lowell,Nephrologist,45,M,745512723,Eddy@gmail.com
4977,Dr.Juan,Sandor,Ophthalmologist,70,M,243769388,Juan@gmail.com
4992,Dr.Garwin,Nathaniel,Cardiologists,46,M,170865281,Garwin@gmail.com
5024,Dr.Garrot,Nahum,Otolaryngologist,38,M,377613666,Garrot@gmail.com
5037,Dr.Averell,Bryant,surgeons,84,F,197042516,Averell@yahoo.com
5087,Dr.Kory,Shepherd,Anesthesiologist,28,M,335309455,Kory@gmail.com
5089,Dr.Hershel,Quincy,cardiothoracic,74,M,910500782,Hershel@gmail.com
5115,Dr.Gasper,Neall,gynecologists,48,M,613636433,Gasper@gmail.com
5121,Dr.Jeffie,Rodrigo,cardiothoracic,82,M,583332723,Jeffie@gmail.com
5129,Dr.Fox,Millicent,psychiatrists,83,M,157458629,Fox@gmail.com
5135,Dr.Giorgio,Northrop,Otolaryngologist,74,F,812157885,Giorgio@gfail.cof
5153,Dr.Germaine,Nick,Radiologist,51,M,871815513,Germaine@gmail.com
5164,Dr.Donald,Leonard,oncologists,76,M,381448468,Donald@gmail.com
5171,Dr.Hazel,Piggy,"Family medicine",58,F,282849735,Hazel@gfail.cof
5180,Dr.Erhart,Martyn,Endocrinologist,41,M,899870255,Erhart@gmail.com
5215,Dr.Dunstan,Linoel,"ENT specialists",36,M,599568925,Dunstan@gmail.com
5216,Dr.Jeffrey,Rodrique,surgeons,80,M,928447862,Jeffrey@gmail.com
5253,Dr.Jory,Sammie,"Internal Medicine",64,F,812263554,Jory@gfail.cof
5270,Dr.Hans,Paul,neurologists,33,M,660777815,Hans@gmail.com
5292,Dr.Isa,Reynold,Psychiatrist,28,M,426367087,Isa@gmail.com
5294,Dr.Keene,Seamus,Endocrinologist,40,F,452023221,Keene@gfail.cof
5307,Dr.Dennis,Laird,"ENT specialists",54,M,844829149,Dennis@gmail.com
5308,Dr.Flipper,Michale,Endocrinologist,78,M,441744173,Flipper@gmail.com
5316,Dr.Ezechiel,Maximilian,"Infectious disease",53,M,257877312,Ezechiel@gmail.com
5320,Dr.Franky,Mohamad,"Internal Medicine",37,M,930301574,Franky@gmail.com
5347,Dr.Gibb,Nikos,radiologists,57,M,823372691,Gibb@gmail.com
5354,Dr.Ignaz,Reinhard,oncologists,44,M,898518936,Ignaz@gmail.com
5365,Dr.Elwood,Marcel,Otolaryngologist,49,F,724991540,Elwood@gfail.cof
5370,Dr.Harvard,Petr,"Physician executive",78,M,804318516,Harvard@gmail.com
5373,Dr.Erik,Marvin,Psychiatrist,85,M,894887683,Erik@gmail.com
5382,Dr.Barnett,Cameron,Dermatologist,37,F,618089706,Barnett@yahoo.com
5383,Dr.Herschel,Quillan,oncologists,62,M,399870117,Herschel@gmail.com
5399,Dr.Gomer,Oleg,radiologists,47,M,163648262,Gomer@gmail.com
5407,Dr.Efram,Lukas,audiologists,83,F,715586756,Efram@gfail.cof
5410,Dr.Garry,Nat,Psychiatrist,61,M,879205766,Garry@gmail.com
5419,Dr.Eliott,Maddie,oncologists,45,M,681952417,Eliott@gmail.com
5428,Dr.Jared,Robert,Ophthalmologist,35,M,355406095,Jared@gmail.com
5441,Dr.Goose,Olle,neurologists,32,M,354569223,Goose@gmail.com
5445,Dr.John-David,Rutger,Cardiologists,71,M,605986603,David@gmail.com
5446,Dr.Jonathan,Salomo,pulmonologists,62,M,519030238,Jonathan@gmail.com
5448,Dr.Hannibal,Patty,oncologists,63,M,796393423,Hannibal@gmail.com
5451,Dr.Hymie,Rees,Cardiologists,81,M,405649705,Hymie@gmail.com
5462,Dr.Johnny,Sal,"orthopedic surgeons",46,F,596526312,Johnny@gfail.cof
5463,Dr.Jed,Rodge,psychiatrists,47,F,626797966,Jed@gfail.cof
5473,Dr.Avrom,Bud,"Infectious disease",53,M,593222043,Avrom@yahoo.com
5478,Dr.Filip,Merrel,endocrinologists,70,M,169716180,Filip@gmail.com
5482,Dr.Kellen,Sebastiano,Dermatologist,40,F,441201055,Kellen@gfail.cof
5497,Dr.Douglis,Lev,"Infectious disease",33,M,487426166,Douglis@gmail.com
5507,Dr.Ignacius,Reid,pulmonologists,35,F,842484618,Ignacius@gfail.cof
5541,Dr.Jerrie,Ronny,audiologists,44,F,612269339,Jerrie@gfail.cof
5543,Dr.Kenny,Shaine,pediatricians,35,M,900019177,Kenny@gmail.com
5544,Dr.Elmore,Maison,Cardiologist,57,M,644019107,Elmore@gmail.com
5569,Dr.Freemon,Morlee,Anesthesiologist,28,F,443878697,Freemon@gfail.cof
5574,Dr.Aylmer,Burgess,pulmonologists,31,F,628781158,Aylmer@yahoo.com
5616,Dr.Jabez,Rickard,pulmonologists,72,M,671145231,Jabez@gmail.com
5622,Dr.Hamel,Pasquale,Surgeon,66,F,497500244,Hamel@gfail.cof
5627,Dr.Gustav,Owen,pulmonologists,42,M,655141389,Gustav@gmail.com
5634,Dr.Filbert,Merlin,pulmonologists,63,M,705405641,Filbert@gmail.com
5642,Dr.Heathcliff,Pinchas,Pediatrician,46,F,384959558,Heathcliff@gfail.cof
5644,Dr.Kingsly,Sheffield,Gastroenterologist,66,M,335947827,Kingsly@gmail.com
5649,Dr.Jan,Robb,"Infectious disease",60,F,634682486,Jan@gfail.cof
5653,Dr.Humphrey,Ray,Pulmonologist,44,M,587333919,Humphrey@gmail.com
5660,Dr.Gardiner,Murdoch,"gynecologist (OBGYNs)",77,F,306252276,Gardiner@gfail.cof
5667,Dr.Esau,Matthew,"orthopedic surgeons",32,F,688312832,Esau@gfail.cof
5723,Dr.Ignace,Reginald,veterinarians,37,F,993907772,Ignace@gfail.cof
5796,Dr.Isidore,Riccardo,audiologists,81,F,998444227,Isidore@gfail.cof
5806,Dr.Gabriello,Mose,pulmonologists,75,M,436109693,Gabriello@gmail.com
5815,Dr.Garfield,Murray,Gastroenterologist,61,F,725889548,Garfield@gfail.cof
5821,Dr.Hugh,Ravi,Cardiologist,48,F,499354966,Hugh@gfail.cof
5840,Dr.George,Nev,Cardiologist,80,M,317755769,George@gmail.com
5849,Dr.Herrmann,Quigman,pulmonologists,81,M,714079068,Herrmann@gmail.com
5853,Dr.Julie,Saunderson,"orthopedic surgeons",32,F,724096135,Julie@gfail.cof
5888,Dr.Jessee,Roy,radiologists,64,M,193694396,Jessee@gmail.com
5889,Dr.Durant,Lion,"orthopedic surgeons",73,M,943128097,Durant@gmail.com
5902,Dr.Ellis,Magnus,"Family medicine",55,M,227913748,Ellis@gmail.com
5905,Dr.Duke,Lindsay,Cardiologists,28,M,621017235,Duke@gmail.com
5906,Dr.Jefferey,Rodolph,endocrinologists,45,F,591083566,Jefferey@gfail.cof
5915,Dr.Giraldo,Norwood,Neurologist,81,F,430625786,Giraldo@gfail.cof
5920,Dr.Englebert,Marlow,neurologists,57,F,963661372,Englebert@gfail.cof
5924,Dr.Jeff,Rodolfo,pulmonologists,79,F,165919949,Jeff@gfail.cof
5927,Dr.Erich,Marve,Otolaryngologist,62,M,311900962,Erich@gmail.com
5928,Dr.Donny,Leonhard,surgeons,50,M,294594854,Donny@gmail.com
5930,Dr.Guillaume,Oswald,"ENT specialists",33,F,198006208,Guillaume@gfail.cof
5959,Dr.Hilliard,Rajeev,Anesthesiologist,73,M,770790850,Hilliard@gmail.com
5962,Dr.Ephraim,Marshal,"Internal Medicine",80,F,478285632,Ephraim@gfail.cof
5986,Dr.Horace,Randell,radiologists,72,M,972529944,Horace@gmail.com
5993,Dr.Gearard,Neil,oncologists,66,F,986859670,Gearard@gfail.cof
6004,Dr.Harrison,Perceval,Otolaryngologist,83,M,514950641,Harrison@gmail.com
6009,Dr.Hakeem,Park,"Infectious disease",67,M,188388295,Hakeem@gmail.com
6010,Dr.Jean-Marc,Roderic,"ENT specialists",55,M,959484397,Marc@gmail.com
6013,Dr.Hillard,Rahul,Dermatologist,80,F,868929698,Hillard@gfail.cof
6022,Dr.Erastus,Martin,Pulmonologist,63,M,197523759,Erastus@gmail.com
6031,Dr.Dennie,Kyle,dentists,84,M,212061450,Dennie@gmail.com
6037,Dr.Gregory,Osborn,Psychiatrist,74,M,940911926,Gregory@gmail.com
6041,Dr.Johann,Rustie,Anesthesiologist,55,M,816275632,Johann@gmail.com
6050,Dr.Duane,Lex,Neurologist,29,M,478166573,Duane@gmail.com
6057,Dr.Hewitt,Rabbi,Gastroenterologist,67,F,917310858,Hewitt@gfail.cof
6063,Dr.Gerald,Nevins,Nephrologist,40,M,931494834,Gerald@gmail.com
6065,Dr.Griffin,Osbourne,Anesthesiologist,77,M,264830605,Griffin@gmail.com
6077,Dr.Derby,Lambert,"orthopedic surgeons",30,M,199774489,Derby@gmail.com
6096,Dr.Harmon,Pepe,Nephrologist,76,F,564480102,Harmon@gfail.cof
6101,Dr.Husain,Reagan,Psychiatrist,77,M,509029173,Husain@gmail.com
6107,Dr.Ebeneser,Lothar,Cardiologist,62,M,150654015,Ebeneser@gmail.com
6110,Dr.Elden,Lyn,"orthopedic surgeons",33,F,195885254,Elden@gfail.cof
6122,Dr.Josephus,Samuel,Oncologist,39,M,450828561,Josephus@gmail.com
6125,Dr.Donn,Leonardo,neurologists,62,M,903687470,Donn@gmail.com
6139,Dr.Ferdinand,Mendel,"ENT specialists",33,M,477396550,Ferdinand@gmail.com
6170,Dr.Friedrich,Morris,audiologists,75,F,253718515,Friedrich@gfail.cof
6174,Dr.Edward,Luigi,"Physician executive",72,F,694870733,Edward@gfail.cof
6186,Dr.Hendrik,Powell,Endocrinologist,61,M,920047811,Hendrik@gmail.com
6197,Dr.Gaven,Nealy,psychiatrists,34,M,932525853,Gaven@gmail.com
6200,Dr.Kermit,Shannan,endocrinologists,54,M,801748484,Kermit@gmail.com
6203,Dr.Doyle,Levin,Endocrinologist,36,M,138162591,Doyle@gmail.com
6210,Dr.Giancarlo,Nikki,psychiatrists,67,F,469435451,Giancarlo@gfail.cof
6236,Dr.Izaak,Richmond,psychiatrists,52,M,204896573,Izaak@gmail.com
6244,Dr.Kristian,Sherlocke,Radiologist,41,M,541066984,Kristian@gmail.com
6251,Dr.Ishmael,Ricardo,Cardiologists,71,F,764840101,Ishmael@gfail.cof
6254,Dr.Derrol,Larry,oncologists,84,F,241502922,Derrol@gfail.cof
6255,Dr.Jonah,Salman,veterinarians,81,M,987393613,Jonah@gmail.com
6261,Dr.Dyson,Lonny,surgeons,46,M,110370914,Dyson@gmail.com
6272,Dr.Dino,Leigh,Surgeon,37,F,429282784,Dino@gfail.cof
6289,Dr.Gabriele,Morton,veterinarians,75,M,716103145,Gabriele@gmail.com
6317,Dr.Elias,Mac,veterinarians,37,M,313714784,Elias@gmail.com
6330,Dr.Dewitt,Lawerence,Cardiologist,53,M,262760152,Dewitt@gmail.com
6332,Dr.Felice,Meier,Anesthesiologist,71,F,666990952,Felice@gfail.cof
6336,Dr.Ernst,Matias,Cardiologists,35,F,975871936,Ernst@gfail.cof
6340,Dr.Devon,Laurent,Pediatrician,83,M,121420885,Devon@gmail.com
6358,Dr.Huntlee,Raynard,Ophthalmologist,70,M,566313949,Huntlee@gmail.com
6363,Dr.Jethro,Rubin,cardiothoracic,70,M,801251771,Jethro@gmail.com
6372,Dr.Herb,Prentiss,Radiologist,66,M,307754301,Herb@gmail.com
6377,Dr.Forrest,Mike,dentists,75,F,212866165,Forrest@gfail.cof
6389,Dr.Herby,Price,"Physician executive",84,F,379060253,Herby@gfail.cof
6403,Dr.Emanuel,Marcelo,Neurologist,64,F,667605655,Emanuel@gfail.cof
6432,Dr.Igor,Rem,cardiothoracic,36,M,518193431,Igor@gmail.com
6449,Dr.Augustin,Bronson,pulmonologists,51,M,503368814,Augustin@yahoo.com
6452,Dr.Fredric,Moore,Psychiatrist,74,M,769197260,Fredric@gmail.com
6454,Dr.Grant,Orlando,Pulmonologist,64,M,989177262,Grant@gmail.com
6471,Dr.Karl,Scot,Oncologist,30,M,771553172,Karl@gmail.com
6480,Dr.Heath,Pincas,"Internal Medicine",84,F,488536504,Heath@gfail.cof
6504,Dr.Dionysus,Lem,audiologists,83,M,169626293,Dionysus@gmail.com
6511,Dr.Gregg,Orson,Endocrinologist,71,M,144309985,Gregg@gmail.com
6513,Dr.Austin,Bruno,Otolaryngologist,48,M,221051537,Austin@yahoo.com
6532,Dr.Gus,Otis,veterinarians,82,F,336122066,Gus@gfail.cof
6538,Dr.Edmond,Luciano,Dermatologist,41,M,169521618,Edmond@gmail.com
6551,Dr.Han,Patrick,veterinarians,63,M,776392575,Han@gmail.com
6566,Dr.Dudley,Liam,Radiologist,48,M,458001316,Dudley@gmail.com
6570,Dr.Hamid,Pat,"Physician executive",70,F,480119628,Hamid@gfail.cof
6589,Dr.Kalil,Saxon,oncologists,64,M,348436967,Kalil@gmail.com
6592,Dr.Gustavo,Ozzy,oncologists,71,M,764226533,Gustavo@gmail.com
6620,Dr.Francesco,Milt,radiologists,28,F,104855429,Francesco@gfail.cof
6639,Dr.Hasty,Phip,radiologists,36,M,661604889,Hasty@gmail.com
6646,Dr.Glen,Obadias,Surgeon,59,F,888813833,Glen@gfail.cof
6652,Dr.Frazier,Mohan,Oncologist,85,M,808345394,Frazier@gmail.com
6654,Dr.Drew,Levy,Otolaryngologist,35,M,648978794,Drew@gmail.com
6655,Dr.Harris,Pepito,Ophthalmologist,35,F,810844875,Harris@gfail.cof
6667,Dr.Kelwin,Serge,Surgeon,50,M,748667636,Kelwin@gmail.com
6668,Dr.Haydon,Pierson,oncologists,47,F,204808085,Haydon@gfail.cof
6672,Dr.Hailey,Paolo,Pulmonologist,34,M,557018337,Hailey@gmail.com
6681,Dr.Joseph,Samson,Cardiologist,31,M,127887283,Joseph@gmail.com
6689,Dr.Jarrett,Roberto,Otolaryngologist,30,M,313852029,Jarrett@gmail.com
6700,Dr.Gonzales,Olin,pulmonologists,36,M,433336908,Gonzales@gmail.com
6722,Dr.Ferinand,Merell,psychiatrists,29,M,812307326,Ferinand@gmail.com
6724,Dr.Henry,Prentice,Neurologist,54,M,887989571,Henry@gmail.com
6733,Dr.Felix,Melvin,Cardiologists,41,M,778179906,Felix@gmail.com
6736,Dr.Kris,Sheridan,Psychiatrist,68,M,758149142,Kris@gmail.com
6743,Dr.Emory,Markos,veterinarians,52,M,782680458,Emory@gmail.com
6758,Dr.Jedediah,Rodger,veterinarians,80,F,845937467,Jedediah@gfail.cof
6769,Dr.Everard,Maury,Obstetricians(OBGYNs),68,M,551138090,Everard@gmail.com
6771,Dr.Jorge,Sam,"Family medicine",54,F,943079339,Jorge@gfail.cof
6774,Dr.Godfrey,Olaf,pediatricians,32,M,469511194,Godfrey@gmail.com
6775,Dr.Ira,Reuben,Nephrologist,54,M,142882015,Ira@gmail.com
6806,Dr.Kenneth,Shadow,"orthopedic surgeons",57,M,247156170,Kenneth@gmail.com
6815,Dr.Ingamar,Renaldo,Pediatrician,28,M,491960480,Ingamar@gmail.com
6827,Dr.Gerhard,Nicholas,Dermatologist,48,M,551459591,Gerhard@gmail.com
6847,Dr.Greggory,Orton,Ophthalmologist,57,M,611059084,Greggory@gmail.com
6862,Dr.Haven,Pierce,pulmonologists,44,M,855500042,Haven@gmail.com
6876,Dr.Ethelred,Mattias,pulmonologists,68,M,251848784,Ethelred@gmail.com
6877,Dr.Ibrahim,Regen,gynecologists,46,F,402671951,Ibrahim@gfail.cof
6911,Dr.Gallagher,Muffin,cardiothoracic,50,M,805936523,Gallagher@gmail.com
6925,Dr.Frederico,Montgomery,Otolaryngologist,34,M,346408640,Frederico@gmail.com
6929,Dr.Franklin,Mitchell,surgeons,46,F,701961302,Franklin@gfail.cof
6940,Dr.Emerson,Marchall,Radiologist,79,F,893520569,Emerson@gfail.cof
6948,Dr.Kingsley,Sheffie,Oncologist,32,M,355315300,Kingsley@gmail.com
6956,Dr.Jennings,Roice,Obstetricians,65,M,982509942,Jennings@gmail.com
6959,Dr.Frans,Mohamed,Pediatrician,47,M,583517732,Frans@gmail.com
6964,Dr.Jordan,Salvador,neurologists,60,F,197476288,Jordan@gfail.cof
6967,Dr.Freeman,Morgan,Radiologist,56,F,870057171,Freeman@gfail.cof
6972,Dr.Giovanne,Northrup,Dermatologist,73,F,798648227,Giovanne@gfail.cof
6988,Dr.Gunter,Othello,pediatricians,72,F,752032003,Gunter@gfail.cof
7037,Dr.Kit,Shell,Ophthalmologist,54,M,751988967,Kit@gmail.com
7081,Dr.Elton,Manish,"Infectious disease",71,M,220578354,Elton@gmail.com
7088,Dr.Konrad,Shep,Neurologist,52,M,688255875,Konrad@gmail.com
7097,Dr.Dominick,Lennie,veterinarians,85,M,925368252,Dominick@gmail.com
7101,Dr.Kerry,Shannon,oncologists,48,M,977138374,Kerry@gmail.com
7129,Dr.Gregorio,Osbert,Dermatologist,63,M,757322135,Gregorio@gmail.com
7132,Dr.Freddie,Moises,Pulmonologist,45,M,735393634,Freddie@gmail.com
7137,Dr.Avram,Bucky,oncologists,67,M,389846260,Avram@yahoo.com
7158,Dr.Garrett,Myron,Ophthalmologist,46,M,347940861,Garrett@gmail.com
7161,Dr.Gardner,Murdock,Cardiologist,85,F,437141375,Gardner@gfail.cof
7167,Dr.Barny,Carl,dentists,58,M,594210741,Barny@yahoo.com
7175,Dr.Enoch,Marlowe,cardiothoracic,48,F,293184304,Enoch@gfail.cof
7183,Dr.Flin,Michael,Pulmonologist,36,F,593634760,Flin@gfail.cof
7195,Dr.Hassan,Phillipp,psychiatrists,69,M,171970453,Hassan@gmail.com
7201,Dr.Graehme,Orbadiah,Obstetricians,79,F,397289592,Graehme@gfail.cof
7208,Dr.Kane,Sayres,"Internal Medicine",47,M,155737901,Kane@gmail.com
7211,Dr.Konstantin,Shepard,Radiologist,55,M,429268291,Konstantin@gmail.com
7219,Dr.Dionis,Leland,Cardiologists,28,F,259283444,Dionis@gfail.cof
7237,Dr.Forster,Mikey,gynecologists,84,M,253367375,Forster@gmail.com
7263,Dr.Guthrie,Paco,surgeons,66,M,505432852,Guthrie@gmail.com
7268,Dr.Iago,Reese,audiologists,72,M,670971945,Iago@gmail.com
7297,Dr.Jimbo,Rudd,"Family medicine",68,M,992340489,Jimbo@gmail.com
7299,Dr.Barde,Cain,Otolaryngologist,48,M,175999390,Barde@yahoo.com
7301,Dr.Franz,Mohammad,"gynecologist (OBGYNs)",44,M,846792401,Franz@gmail.com
7309,Dr.Grover,Osmund,audiologists,44,M,613138730,Grover@gmail.com
7311,Dr.Bailey,Burl,"orthopedic surgeons",61,F,808693432,Bailey@yahoo.com
7343,Dr.Emmery,Marilu,dentists,30,M,177729187,Emmery@gmail.com
7344,Dr.Barney,Cammy,Cardiologist,67,M,609472075,Barney@yahoo.com
7353,Dr.Huntington,Raymundo,Endocrinologist,69,M,319530308,Huntington@gmail.com
7401,Dr.Garold,Myke,"Infectious disease",33,F,177096141,Garold@gfail.cof
7402,Dr.Guido,Ossie,dentists,85,F,206093002,Guido@gfail.cof
7408,Dr.Jodi,Rufe,Endocrinologist,78,F,955472549,Jodi@gfail.cof
7415,Dr.Jonas,Salmon,radiologists,47,M,406337667,Jonas@gmail.com
7422,Dr.Gretchen,Osborne,Neurologist,49,M,755126429,Gretchen@gmail.com
7439,Dr.Dimitris,Lee,Neurologist,30,F,702534766,Dimitris@gfail.cof
7446,Dr.Horatius,Randolf,oncologists,85,M,318870223,Horatius@gmail.com
7452,Dr.Ev,Maurise,"Family medicine",45,M,199651321,Ev@gmail.com
7460,Dr.Francisco,Mischa,endocrinologists,73,F,543556298,Francisco@gfail.cof
7473,Dr.Kent,Shalom,psychiatrists,55,M,268266370,Kent@gmail.com
7485,Dr.Hasheem,Philbert,"ENT specialists",74,M,106596178,Hasheem@gmail.com
7490,Dr.Gabriell,Morty,radiologists,45,M,708570107,Gabriell@gmail.com
7491,Dr.Hamlen,Patin,"ENT specialists",81,M,730105494,Hamlen@gmail.com
7494,Dr.Elroy,Manfred,Pulmonologist,80,M,456575861,Elroy@gmail.com
7507,Dr.Emilio,Marcus,Cardiologists,72,M,977332772,Emilio@gmail.com
7510,Dr.Giuseppe,Obadiah,Anesthesiologist,67,F,918072775,Giuseppe@gfail.cof
7513,Dr.Kenyon,Shanan,radiologists,79,M,750747248,Kenyon@gmail.com
7526,Dr.Gonzalo,Oliver,endocrinologists,52,M,865345683,Gonzalo@gmail.com
7537,Dr.Francis,Milton,pulmonologists,81,F,791621694,Francis@gfail.cof
7541,Dr.Goddart,Odin,gynecologists,57,M,665547553,Goddart@gmail.com
7545,Dr.Hunter,Raymund,Nephrologist,68,M,973710250,Hunter@gmail.com
7559,Dr.Frank,Mitchael,neurologists,50,F,252831071,Frank@gfail.cof
7599,Dr.Jeromy,Roni,"Physician executive",81,F,845799413,Jeromy@gfail.cof
7600,Dr.Edmund,Lucien,Psychiatrist,40,M,647255483,Edmund@gmail.com
7603,Dr.Joao,Rudolfo,Gastroenterologist,80,M,397370761,Joao@gmail.com
7633,Dr.Jeremias,Rollo,Ophthalmologist,52,M,425709467,Jeremias@gmail.com
7639,Dr.Julio,Saundra,pediatricians,63,F,568227671,Julio@gfail.cof
7640,Dr.Gaspar,Neale,"ENT specialists",42,M,313204282,Gaspar@gmail.com
7651,Dr.Isaak,Reza,Radiologist,71,F,976607618,Isaak@gfail.cof
7655,Dr.Hakim,Parke,Nephrologist,29,M,824228455,Hakim@gmail.com
7659,Dr.Gamaliel,Mugsy,surgeons,57,M,925803164,Gamaliel@gmail.com
7661,Dr.Francois,Mitch,oncologists,43,F,426446550,Francois@gfail.cof
7663,Dr.Fabian,Mayer,Ophthalmologist,40,F,523042530,Fabian@gfail.cof
7670,Dr.Dimitri,Lazarus,Dermatologist,78,F,423090813,Dimitri@gfail.cof
7679,Dr.Fraser,Mohammed,Cardiologist,28,M,230537351,Fraser@gmail.com
7696,Dr.Florian,Micheal,Ophthalmologist,79,M,525094685,Florian@gmail.com
7701,Dr.Joshua,Sancho,Pulmonologist,52,M,183168674,Joshua@gmail.com
7702,Dr.Hagan,Pail,Oncologist,55,M,973834328,Hagan@gmail.com
7710,Dr.Gordie,Omar,surgeons,45,F,226456882,Gordie@gfail.cof
7716,Dr.Graeme,Oren,Cardiologist,41,F,904482855,Graeme@gfail.cof
7757,Dr.Ingelbert,Renard,Obstetricians,81,M,828787420,Ingelbert@gmail.com
7767,Dr.Giffy,Noam,"Family medicine",41,M,305307408,Giffy@gmail.com
7779,Dr.Frederic,Monroe,Nephrologist,81,M,338878295,Frederic@gmail.com
7780,Dr.Ellsworth,Mahesh,"Internal Medicine",55,M,553667441,Ellsworth@gmail.com
7784,Dr.Finley,Merrill,cardiothoracic,47,M,740873639,Finley@gmail.com
7796,Dr.Baillie,Burt,Cardiologist,55,F,842074771,Baillie@yahoo.com
7801,Dr.Hoyt,Ransom,"Family medicine",43,F,235261977,Hoyt@gfail.cof
7812,Dr.Hewe,Quintin,Pediatrician,35,M,999567059,Hewe@gmail.com
7818,Dr.Harlan,Pen,Cardiologist,56,F,418884515,Harlan@gfail.cof
7820,Dr.Gene,Nels,neurologists,57,F,930441363,Gene@gfail.cof
7831,Dr.Erek,Martino,"Infectious disease",37,M,690793363,Erek@gmail.com
7854,Dr.Garvy,Nathanial,"Physician executive",41,M,116515385,Garvy@gmail.com
7878,Dr.Irvin,Reuven,Endocrinologist,67,M,699573628,Irvin@gmail.com
7883,Dr.Barn,Cal,oncologists,59,M,114626345,Barn@yahoo.com
7885,Dr.Hodge,Ramsay,gynecologists,75,M,230374204,Hodge@gmail.com
7889,Dr.Ham,Pascale,Anesthesiologist,32,F,928157718,Ham@gfail.cof
7903,Dr.Jean-Lou,Roddie,audiologists,42,M,212718882,Lou@gmail.com
7904,Dr.Baird,Buster,dentists,68,M,416970741,Baird@yahoo.com
7910,Dr.Dov,Levi,Nephrologist,69,M,502952024,Dov@gmail.com
7920,Dr.Jodie,Rufus,Ophthalmologist,75,F,183910667,Jodie@gfail.cof
7936,Dr.Haskel,Phillip,"orthopedic surgeons",52,F,578560337,Haskel@gfail.cof
7939,Dr.Hogan,Ramsey,"orthopedic surgeons",77,M,790663558,Hogan@gmail.com
7969,Dr.Hunt,Raymond,"Infectious disease",75,M,118998406,Hunt@gmail.com
7971,Dr.Ivan,Richardo,"orthopedic surgeons",34,M,245155745,Ivan@gmail.com
7976,Dr.Jae,Rikki,"Family medicine",44,M,542261268,Jae@gmail.com
8001,Dr.Hanson,Pearce,"Family medicine",65,M,829938129,Hanson@gmail.com
8008,Dr.Gerrard,Nickolas,"Physician executive",54,M,338744246,Gerrard@gmail.com
8020,Dr.French,Morly,"Physician executive",85,F,903110774,French@gfail.cof
8022,Dr.Herculie,Puff,dentists,58,F,315969436,Herculie@gfail.cof
8032,Dr.Helmuth,Pooh,Pulmonologist,76,M,967896573,Helmuth@gmail.com
8045,Dr.Emmanuel,Marietta,audiologists,85,M,394930340,Emmanuel@gmail.com
8054,Dr.Jerrold,Roosevelt,dentists,38,F,605768362,Jerrold@gfail.cof
8064,Dr.Franklyn,Moe,"Family medicine",85,F,508173270,Franklyn@gfail.cof
8067,Dr.Engelbart,Marlin,pulmonologists,51,M,671697104,Engelbart@gmail.com
8085,Dr.Dmitri,Lemmie,"ENT specialists",82,M,429530363,Dmitri@gmail.com
8087,Dr.Felipe,Mel,"Physician executive",75,M,270312341,Felipe@gmail.com
8092,Dr.Jephthah,Rolando,Oncologist,75,M,121349622,Jephthah@gmail.com
8094,Dr.Kelvin,Selig,Anesthesiologist,68,M,872778173,Kelvin@gmail.com
8099,Dr.Hansel,Pavel,surgeons,48,M,233015496,Hansel@gmail.com
8100,Dr.Hashim,Philip,gynecologists,74,M,306676109,Hashim@gmail.com
8101,Dr.Glynn,Obie,Cardiologists,50,M,615519197,Glynn@gmail.com
8103,Dr.Joe,Ruperto,Dermatologist,49,F,260210265,Joe@gfail.cof
8132,Dr.Kalle,Say,neurologists,72,M,572326342,Kalle@gmail.com
8134,Dr.Duffie,Lin,Anesthesiologist,28,M,166857744,Duffie@gmail.com
8161,Dr.Ferd,Melvyn,audiologists,56,M,826245938,Ferd@gmail.com
8165,Dr.Dominic,Lenard,psychiatrists,68,M,830163451,Dominic@gmail.com
8169,Dr.Jeffery,Rodrick,neurologists,53,M,541377957,Jeffery@gmail.com
8186,Dr.Giordano,Normie,Endocrinologist,70,M,539566251,Giordano@gmail.com
8190,Dr.Inglebert,Renaud,Oncologist,71,M,992779047,Inglebert@gmail.com
8191,Dr.Kalman,Sayer,cardiothoracic,32,M,538747521,Kalman@gmail.com
8197,Dr.Derron,Lars,neurologists,41,F,743009255,Derron@gfail.cof
8206,Dr.Guthrey,Pace,cardiothoracic,61,M,986177280,Guthrey@gmail.com
8211,Dr.Haley,Parry,Dermatologist,34,F,415036861,Haley@gfail.cof
8219,Dr.Emmy,Marko,psychiatrists,72,M,612047702,Emmy@gmail.com
8220,Dr.Averil,Bryce,oncologists,71,M,840725549,Averil@yahoo.com
8227,Dr.Jerrome,Rory,"ENT specialists",85,F,206279624,Jerrome@gfail.cof
8235,Dr.Ethelbert,Matthus,radiologists,85,M,200435990,Ethelbert@gmail.com
8240,Dr.Ivor,Richie,pediatricians,72,M,791897387,Ivor@gmail.com
8262,Dr.Haleigh,Parrnell,Otolaryngologist,72,M,202899020,Haleigh@gmail.com
8264,Dr.Eduardo,Ludwig,Surgeon,47,F,236821570,Eduardo@gfail.cof
8272,Dr.Easton,Lorne,Pediatrician,79,M,984027891,Easton@gmail.com
8277,Dr.Giorgi,Norris,Ophthalmologist,71,M,676358444,Giorgi@gmail.com
8285,Dr.Eben,Lorrie,"gynecologist (OBGYNs)",59,M,299948417,Eben@gmail.com
8287,Dr.Kingston,Sheffy,Pulmonologist,64,M,694451102,Kingston@gmail.com
8311,Dr.Edsel,Lucius,Radiologist,69,M,819689430,Edsel@gmail.com
8313,Dr.Erick,Marven,Dermatologist,65,M,573289520,Erick@gmail.com
8317,Dr.Ferdie,Menard,dentists,77,M,947032647,Ferdie@gmail.com
8343,Dr.Fons,Michele,Psychiatrist,75,M,906774148,Fons@gmail.com
8344,Dr.Howie,Ransell,surgeons,29,F,542081148,Howie@gfail.cof
8345,Dr.Jamey,Roarke,Gastroenterologist,67,F,794362841,Jamey@gfail.cof
8348,Dr.Forrester,Mikel,"ENT specialists",83,M,241550033,Forrester@gmail.com
8349,Dr.Geo,Nelsen,cardiothoracic,59,F,821418673,Geo@gfail.cof
8360,Dr.Garvin,Nathanael,Surgeon,63,M,594123774,Garvin@gmail.com
8366,Dr.Justin,Sawyer,veterinarians,71,M,810061084,Justin@gmail.com
8381,Dr.Hewie,Rab,Oncologist,79,M,344196934,Hewie@gmail.com
8405,Dr.Hollis,Rand,pediatricians,54,M,763714532,Hollis@gmail.com
8410,Dr.Elwyn,Marcello,Dermatologist,31,F,999258573,Elwyn@gfail.cof
8419,Dr.Fitzgerald,Mervin,"Internal Medicine",42,M,877506510,Fitzgerald@gmail.com
8433,Dr.Elmer,Mahmud,Obstetricians(OBGYNs),39,F,367239628,Elmer@gfail.cof
8434,Dr.Jaime,Riley,"Internal Medicine",39,M,646475275,Jaime@gmail.com
8435,Dr.Herrick,Quigly,radiologists,31,M,341723031,Herrick@gmail.com
8436,Dr.Doug,Leroy,"gynecologist (OBGYNs)",43,F,701137746,Doug@gfail.cof
8447,Dr.Emil,Marco,Surgeon,64,M,386546916,Emil@gmail.com
8452,Dr.Kenn,Seth,"ENT specialists",69,M,603987561,Kenn@gmail.com
8457,Dr.Fazeel,Mead,Neurologist,66,F,972520836,Fazeel@gfail.cof
8458,Dr.Gayle,Neel,endocrinologists,81,F,896518400,Gayle@gfail.cof
8461,Dr.Gerhardt,Nichole,Psychiatrist,53,M,456392161,Gerhardt@gmail.com
8524,Dr.Fabio,Maynard,Otolaryngologist,47,F,491532606,Fabio@gfail.cof
8529,Dr.Ez,Maxim,Pulmonologist,84,M,648686350,Ez@gmail.com
8530,Dr.Fowler,Miles,pediatricians,28,M,514539507,Fowler@gmail.com
8544,Dr.Irvine,Rex,Ophthalmologist,46,M,581197308,Irvine@gmail.com
8551,Dr.Jason,Robinson,Psychiatrist,47,M,503074819,Jason@gmail.com
8559,Dr.Bailie,Burnaby,Dermatologist,61,M,696202343,Bailie@yahoo.com
8565,Dr.Johnnie,Ryan,gynecologists,29,M,908304180,Johnnie@gmail.com
8577,Dr.Giovanni,Norton,Psychiatrist,51,F,308999160,Giovanni@gfail.cof
8580,Dr.Floyd,Micheil,Otolaryngologist,68,M,829776296,Floyd@gmail.com
8592,Dr.Derrek,Lane,radiologists,40,F,987926785,Derrek@gfail.cof
8594,Dr.Jermain,Roman,Psychiatrist,84,M,693580315,Jermain@gmail.com
8600,Dr.Hendrick,Poul,Nephrologist,34,M,324531554,Hendrick@gmail.com
8602,Dr.Baily,Burton,Otolaryngologist,68,F,910211169,Baily@yahoo.com
8633,Dr.Dory,Leopold,Pediatrician,84,F,390533680,Dory@gfail.cof
8651,Dr.Jessey,Royal,pulmonologists,66,M,501556342,Jessey@gmail.com
8654,Dr.Ephram,Marshall,Pediatrician,85,F,496938014,Ephram@gfail.cof
8661,Dr.Hartwell,Peter,Anesthesiologist,54,M,682068217,Hartwell@gmail.com
8663,Dr.Geoff,Nero,"Family medicine",63,F,511534217,Geoff@gfail.cof
8671,Dr.Barnie,Carey,Otolaryngologist,53,M,537415882,Barnie@yahoo.com
8687,Dr.Jeffry,Rog,"Family medicine",48,M,560558558,Jeffry@gmail.com
8688,Dr.Hans-Peter,Paulo,cardiothoracic,28,M,655965736,Peter@gmail.com
8689,Dr.Jesse,Rowland,veterinarians,38,M,376059365,Jesse@gmail.com
8702,Dr.Jerri,Ronnie,Cardiologists,65,F,677033333,Jerri@gfail.cof
8726,Dr.Jehu,Rogers,Pediatrician,29,M,723425593,Jehu@gmail.com
8728,Dr.Hamnet,Patricio,psychiatrists,30,M,936621138,Hamnet@gmail.com
8732,Dr.Dougie,Lesley,Oncologist,70,F,800682038,Dougie@gfail.cof
8733,Dr.Giles,Noland,Oncologist,85,F,640610418,Giles@gfail.cof
8742,Dr.Hanford,Patsy,pulmonologists,42,M,280380994,Hanford@gmail.com
8755,Dr.Iggy,Reggy,psychiatrists,83,F,557371132,Iggy@gfail.cof
8763,Dr.Giacomo,Niki,"orthopedic surgeons",32,F,724622033,Giacomo@gfail.cof
8767,Dr.Don,Leo,pulmonologists,44,M,984177097,Don@gmail.com
8787,Dr.Jude,Sarge,Anesthesiologist,35,M,171791334,Jude@gmail.com
8788,Dr.Fonz,Mickey,Radiologist,41,M,157582696,Fonz@gmail.com
8793,Dr.Kip,Shelby,"Infectious disease",61,M,513140176,Kip@gmail.com
8795,Dr.Jens,Roland,Cardiologist,45,M,614253125,Jens@gmail.com
8809,Dr.Howard,Randy,cardiothoracic,55,F,712309599,Howard@gfail.cof
8821,Dr.Durward,Lionello,psychiatrists,70,F,812952571,Durward@gfail.cof
8845,Dr.Janos,Robbert,Nephrologist,76,F,248858466,Janos@gfail.cof
8862,Dr.Devin,Laurens,"Internal Medicine",80,M,221034229,Devin@gmail.com
8865,Dr.Gustave,Ozzie,endocrinologists,42,M,875946984,Gustave@gmail.com
8871,Dr.Hart,Perry,Neurologist,50,M,864829371,Hart@gmail.com
8885,Dr.Knox,Shem,Psychiatrist,41,M,727291703,Knox@gmail.com
8892,Dr.Gershom,Niels,"ENT specialists",57,F,509693114,Gershom@gfail.cof
8893,Dr.Garrott,Napoleon,Dermatologist,57,M,481388037,Garrott@gmail.com
8903,Dr.Garfinkel,Mustafa,Pulmonologist,33,F,549422592,Garfinkel@gfail.cof
8909,Dr.Desmond,Lauren,surgeons,76,M,375358198,Desmond@gmail.com
8915,Dr.Huntley,Rayner,Otolaryngologist,41,M,725822177,Huntley@gmail.com
8924,Dr.Harrold,Percival,Dermatologist,80,M,780318899,Harrold@gmail.com
8928,Dr.Herve,Quinlan,surgeons,74,M,947245590,Herve@gmail.com
8938,Dr.Durand,Linus,gynecologists,77,M,359999780,Durand@gmail.com
8950,Dr.Kalvin,Sayers,surgeons,43,M,595811137,Kalvin@gmail.com
8964,Dr.Javier,Rock,Radiologist,43,M,799273881,Javier@gmail.com
8967,Dr.Joey,Russel,Neurologist,54,M,605049249,Joey@gmail.com
8973,Dr.Harold,Pepillo,Endocrinologist,82,F,193375677,Harold@gfail.cof
8975,Dr.Ezekiel,Maximilien,Nephrologist,81,M,395296823,Ezekiel@gmail.com
8988,Dr.Gregor,Orville,Otolaryngologist,56,M,870151841,Gregor@gmail.com
9005,Dr.Jermaine,Romeo,Neurologist,56,M,434792588,Jermaine@gmail.com
9015,Dr.Dimitrou,Lefty,Radiologist,39,F,477028144,Dimitrou@gfail.cof
9023,Dr.Godard,Octavius,audiologists,84,M,208558507,Godard@gmail.com
9032,Dr.Ervin,Matthaeus,"ENT specialists",65,F,128391134,Ervin@gfail.cof
9042,Dr.Fremont,Morley,Surgeon,70,F,960047789,Fremont@gfail.cof
9047,Dr.Graham,Orin,Oncologist,53,F,449302434,Graham@gfail.cof
9054,Dr.Hastings,Phineas,veterinarians,57,M,145332010,Hastings@gmail.com
9064,Dr.Gil,Noble,"Internal Medicine",65,M,630837360,Gil@gmail.com
9082,Dr.Eberhard,Louie,Gastroenterologist,74,M,219502224,Eberhard@gmail.com
9084,Dr.Gerry,Nicolas,dentists,64,F,166376147,Gerry@gfail.cof
9087,Dr.Derk,Lancelot,veterinarians,75,F,267213157,Derk@gfail.cof
9093,Dr.Gabriel,Mortimer,psychiatrists,38,M,635481979,Gabriel@gmail.com
9098,Dr.Gunther,Otho,psychiatrists,64,F,370613093,Gunther@gfail.cof
9099,Dr.Garcia,Muhammad,"Family medicine",84,M,490033889,Garcia@gmail.com
9100,Dr.Erl,Mason,Radiologist,52,M,307151971,Erl@gmail.com
9108,Dr.Augusto,Brooke,"orthopedic surgeons",68,F,762918457,Augusto@yahoo.com
9116,Dr.Austen,Bruce,Cardiologist,60,F,975983868,Austen@yahoo.com
9124,Dr.Elric,Malcolm,Gastroenterologist,61,M,110985934,Elric@gmail.com
9150,Dr.Fairfax,Maynord,Dermatologist,71,F,138919609,Fairfax@gfail.cof
9155,Dr.Hamilton,Patel,audiologists,60,M,285502399,Hamilton@gmail.com
9157,Dr.Haywood,Pietro,surgeons,54,F,909323622,Haywood@gfail.cof
9164,Dr.Ethan,Matthiew,veterinarians,54,M,885978486,Ethan@gmail.com
9175,Dr.Harley,Pennie,Gastroenterologist,84,F,430137312,Harley@gfail.cof
9179,Dr.Farley,Mayor,Psychiatrist,74,F,626180620,Farley@gfail.cof
9183,Dr.Glenn,Oberon,"Physician executive",40,F,627016007,Glenn@gfail.cof
9197,Dr.Derrin,Lanny,endocrinologists,85,F,567813086,Derrin@gfail.cof
9209,Dr.Barclay,Byron,Radiologist,40,M,302009768,Barclay@yahoo.com
9214,Dr.Georges,Nevil,Oncologist,81,M,849451984,Georges@gmail.com
9216,Dr.Elvin,Manny,Nephrologist,52,M,510309289,Elvin@gmail.com
9218,Dr.Ignacio,Reginauld,radiologists,42,F,984920276,Ignacio@gfail.cof
9226,Dr.Kevan,Shaughn,neurologists,84,F,368447274,Kevan@gfail.cof
9235,Dr.Hill,Ragnar,Otolaryngologist,50,F,982548716,Hill@gfail.cof
9236,Dr.Klee,Shelton,Dermatologist,83,M,240570475,Klee@gmail.com
9241,Dr.Griswold,Osgood,"Physician executive",28,M,564010565,Griswold@gmail.com
9251,Dr.Hillery,Raj,Radiologist,65,M,437729368,Hillery@gmail.com
9260,Dr.Ewan,Maxfield,Oncologist,33,M,474624800,Ewan@gmail.com
9273,Dr.Ford,Miguel,"Physician executive",32,M,548547768,Ford@gmail.com
9283,Dr.Ephrayim,Mart,Obstetricians(OBGYNs),68,F,101761207,Ephrayim@gfail.cof
9286,Dr.Fritz,Morse,"ENT specialists",63,F,148134515,Fritz@gfail.cof
9323,Dr.Federico,Meade,Radiologist,54,F,562446417,Federico@gfail.cof
9326,Dr.Joaquin,Rudolph,Pulmonologist,83,F,756718019,Joaquin@gfail.cof
9327,Dr.Herbert,Prescott,Anesthesiologist,80,M,879469544,Herbert@gmail.com
9329,Dr.Griff,Osbourn,Radiologist,51,M,519781988,Griff@gmail.com
9331,Dr.Hammad,Patrice,pediatricians,51,M,304324798,Hammad@gmail.com
9332,Dr.Kaiser,Sax,pulmonologists,85,M,721811357,Kaiser@gmail.com
9340,Dr.Jereme,Rollin,Nephrologist,68,M,353829166,Jereme@gmail.com
9346,Dr.Gunner,Otes,"orthopedic surgeons",40,F,827678023,Gunner@gfail.cof
9362,Dr.Frederik,Monty,Dermatologist,60,M,863134253,Frederik@gmail.com
9376,Dr.Bancroft,Butler,oncologists,85,M,453473469,Bancroft@yahoo.com
9388,Dr.Hadrian,Paige,Cardiologist,48,M,805559387,Hadrian@gmail.com
9391,Dr.Edie,Lucian,Otolaryngologist,59,M,140460176,Edie@gmail.com
9403,Dr.Duncan,Lindy,dentists,84,M,728042470,Duncan@gmail.com
9412,Dr.Geof,Nelson,surgeons,71,F,261349406,Geof@gfail.cof
9423,Dr.Jackie,Ricki,oncologists,52,M,256527622,Jackie@gmail.com
9424,Dr.Dwight,Lon,neurologists,66,F,189304959,Dwight@gfail.cof
9432,Dr.Johan,Russell,Radiologist,75,M,474202751,Johan@gmail.com
9434,Dr.Henri,Praneetf,Ophthalmologist,37,M,369406360,Henri@gmail.com
9468,Dr.Klaus,Shelley,Otolaryngologist,67,M,941547837,Klaus@gmail.com
9481,Dr.Englebart,Marlon,oncologists,53,M,230126962,Englebart@gmail.com
9486,Dr.Dickie,Lay,"Infectious disease",58,M,986045051,Dickie@gmail.com
9493,Dr.Avraham,Buck,Otolaryngologist,37,M,582133813,Avraham@yahoo.com
9532,Dr.Gabe,Mortie,pediatricians,31,M,269749814,Gabe@gmail.com
9543,Dr.Errol,Matteo,dentists,52,F,117661977,Errol@gfail.cof
9555,Dr.Hadley,Page,"gynecologist (OBGYNs)",61,M,447134969,Hadley@gmail.com
9558,Dr.Hercules,Pryce,audiologists,61,F,491984794,Hercules@gfail.cof
9562,Dr.Hersch,Quill,endocrinologists,55,M,919248742,Hersch@gmail.com
9620,Dr.Earl,Loren,"Family medicine",68,M,448020623,Earl@gmail.com
9624,Dr.Jerold,Ronald,Anesthesiologist,68,F,562427172,Jerold@gfail.cof
9625,Dr.Jeb,Roderigo,pediatricians,32,F,925615634,Jeb@gfail.cof
9626,Dr.Keith,Sebastian,Otolaryngologist,52,F,904520783,Keith@gfail.cof
9642,Dr.Filipe,Merrick,oncologists,47,M,679673395,Filipe@gmail.com
9645,Dr.Edwin,Luis,Cardiologists,63,F,109888769,Edwin@gfail.cof
9649,Dr.Douglass,Lester,Pulmonologist,28,F,478695020,Douglass@gfail.cof
9667,Dr.Hartley,Pete,Radiologist,38,M,507956225,Hartley@gmail.com
9683,Dr.Etienne,Mattie,endocrinologists,59,M,871080628,Etienne@gmail.com
9685,Dr.Hadleigh,Padraig,Pediatrician,29,M,299007048,Hadleigh@gmail.com
9702,Dr.Jim,Ruby,surgeons,44,M,713732002,Jim@gmail.com
9725,Dr.Jon,Salim,psychiatrists,49,M,924981749,Jon@gmail.com
9745,Dr.Elisha,Maddy,neurologists,49,M,297774009,Elisha@gmail.com
9756,Dr.Denis,Kurtis,audiologists,59,M,982056952,Denis@gmail.com
9772,Dr.Baldwin,Butch,surgeons,51,M,436717961,Baldwin@yahoo.com
9829,Dr.Hilton,Raleigh,Surgeon,83,M,354375841,Hilton@gmail.com
9830,Dr.Herbie,Preston,Surgeon,53,M,349896446,Herbie@gmail.com
9831,Dr.Gale,Moshe,oncologists,28,M,673717527,Gale@gmail.com
9846,Dr.Jerzy,Roth,pediatricians,33,M,907061648,Jerzy@gmail.com
9861,Dr.Jake,Rinaldo,Pediatrician,79,F,261888485,Jake@gfail.cof
9869,Dr.Jarvis,Robin,Dermatologist,83,M,881490860,Jarvis@gmail.com
9882,Dr.Barnaby,Calhoun,pulmonologists,52,F,171707148,Barnaby@yahoo.com
9890,Dr.Avi,Bubba,Ophthalmologist,75,M,256907424,Avi@yahoo.com
9919,Dr.Domenico,Len,pediatricians,54,M,991447022,Domenico@gmail.com
9938,Dr.Geoffry,Nester,Pediatrician,80,M,647157880,Geoffry@gmail.com
9948,Dr.Dickey,Lawton,Pulmonologist,83,M,912018883,Dickey@gmail.com
9980,Dr.Earle,Lorenzo,"Internal Medicine",75,M,158899822,Earle@gmail.com
9993,Dr.Ely,Marcellus,Psychiatrist,79,F,165405374,Ely@gfail.cof
9994,Dr.Keil,Sean,Ophthalmologist,44,F,102228000,Keil@gfail.cof
9995,Dr.Juergen,Saul,audiologists,29,F,781764407,Juergen@gfail.cof
